{
    "name": "Raspberry Pi 2/B+",
    "map": {
        "digital": {
            "pins": {
                "gp2":   2, "gp3":   3, "gp4":   4, "gp5":   5, "gp6":   6, "gp7":   7, "gp8":   8, "gp9":   9,
                "gp10": 10, "gp11": 11, "gp12": 12, "gp13": 13, "gp14": 14, "gp15": 15, "gp16": 16, "gp17": 17, "gp18": 18, "gp19": 19,
                "gp20": 20, "gp21": 21, "gp22": 22, "gp23": 23, "gp24": 24, "gp25": 25, "gp26": 26, "gp27": 27
            },
            "ops": [ "dr", "dw" ]
        },
        "pwm": {
            "pins": [
                "gp18"
            ],
            "ops": [ "aw" ],
            "awRange":[0, 255]
        },
        "virtual":  {
            "pinsRange": [ 0, 64 ],
            "ops": [ "vr", "vw" ]
        }
    }
}
