{
    "name": "Spark Core",
    "map": {
        "digital": {
            "pins": {
                "D0":  0,  "D1":  1,  "D2":  2,  "D3":  3,  "D4":  4,
                "D5":  5,  "D6":  6,  "D7":  7
            },
            "ops": [ "dr", "dw" ]
        },
        "analog": {
            "pins": {
                "A0":  10, "A1":  11, "A2":  12, "A3":  13, "A4":  14,
                "A5":  15, "A6":  16, "A7":  17
            },
            "ops": [ "dr", "dw", "ar" ],
            "arRange": [0, 4095]
        },
        "pwm": {
            "pins": [
                "A0", "A1", "A2", "A3", "A4",  "A5",  "A6",  "A7",  "D0",  "D1"
            ],
            "ops": [ "aw" ],
            "awRange": [0, 255]
        },
        "virtual":  {
            "pinsRange": [ 0, 31 ],
            "ops": [ "vr", "vw" ]
        }
    }
}
